{
    "colors":{
        "primaryColor":"#1D86FF",
        "secondaryColor":"#264698",
        "primaryTop":"#1D86FF", // gradient start
        "secondaryTop":"#1D86FF", // gradient end
        "accentColor":"#1D86FF",
        "toolbarColor":"#1D86FF",
        "statusBarColor":"#1D86FF",
        "background":"#FFFFFF",
        "backgroundTint":"#FFFFFF",
        "negativeColor":"#999999",
        "positiveColor":"#1D86FF",
        "textColorDark":"#000000",
        "textColorLight":"#FFFFFF",
        "textDisabledColor":"#FFFFFF",
        "backgroundBottom":"#FFFFFF",
        "textColorOnToolbar":"#FFFFFF"
     },
     "images": {
        "fullBackground": "https://s3-payzapp.com/blue.jpg",
        "smallBackground": "https://s3-payzapp.com/blue.jpg",
        "mediumBackground": "https://s3-payzapp.com/blue.jpg",
        "zcCardbankLogo": "https://s3-payzapp.com/logo.png",
        "zcCardnetworkLogo": "https://s3-payzapp.com/visa.png",
        "zcCardDisabledBackground": "https://s3-payzapp.com/visa.png",
     },
     "animations": {
        "zcCardAnimation": "lottie1.json",
        "zcCardBlockedAnimation": "blocked-card-anim.json"
     }
}